{
    "E_gen": 0.4694892348227452,
    "E_i_test": [
        1.3098382949829102,
        0.16723518073558807,
        0.5516880750656128,
        0.11911237239837646,
        0.4229464530944824,
        0.6382720470428467,
        0.2728840410709381,
        0.15856964886188507,
        0.37733298540115356,
        0.70108962059021
    ],
    "optimal": [
        [
            1024
        ],
        [
            1024
        ],
        [
            1024
        ],
        [
            1024
        ],
        [
            512
        ],
        [
            1024
        ],
        [
            512
        ],
        [
            512
        ],
        [
            1024
        ],
        [
            1024
        ]
    ]
}