{
    "E_gen": 0.1813494439289645,
    "E_i_test": [
        0.3045202436246561,
        0.22311043831929112,
        0.14239026560998114,
        0.1710361783446554,
        0.11915987879307287,
        0.2179777332494312,
        0.08812653824569357,
        0.21709508818877557,
        0.1439084676189441,
        0.19546957877868051
    ],
    "optimal": [
        1e-10,
        1e-10,
        1e-10,
        1e-10,
        1e-10,
        1e-10,
        1e-10,
        1e-10,
        1e-10,
        1e-10
    ]
}