{"E_gen": 0.687058299779892, "E_i_test": [0.6399218440055847, 0.7341947555541992], "optimal": [[1], [1]]}