{"E_gen": 0.2703092247247696, "E_i_test": [0.30330216884613037, 0.2373162806034088], "optimal": [[256], [256]]}