{"E_gen": 0.2822420597076416, "E_i_test": [0.2915513515472412, 0.272932767868042], "optimal": [[32], [128]]}