{
    "E_gen": 24.750007787678367,
    "E_i_test": [
        3.3411485218382717,
        46.15886705351846
    ],
    "optimal": [
        1e-12,
        1e-13
    ]
}