{
    "E_gen": 4934783.564004818,
    "E_i_test": [
        8995681.167242574,
        873885.9607670631
    ],
    "optimal": [
        1e-13,
        1e-13
    ]
}