{
    "E_gen": 0.1721612297051694,
    "E_i_test": [
        0.18002747992016105,
        0.16708268350454,
        0.23363972909984523,
        0.08346683015879902,
        0.21732122309413376,
        0.11721039941864408,
        0.1524006702331452,
        0.14618629460890864,
        0.22098327024639516,
        0.2121224977776435
    ],
    "optimal": [
        0.004641588833612777,
        0.004641588833612777,
        0.004641588833612777,
        0.004641588833612777,
        7.742636826811278e-05,
        0.03593813663804626,
        0.03593813663804626,
        0.03593813663804626,
        0.03593813663804626,
        0.03593813663804626
    ]
}