{
    "E_gen": 0.9778369004477043,
    "E_i_test": [
        2.05021071434021,
        0.3565724194049835,
        1.614145278930664,
        0.6955276131629944,
        0.7098954319953918,
        1.286590814590454,
        0.6137886047363281,
        0.9468268156051636,
        0.5555686950683594,
        0.9993880987167358
    ],
    "optimal": [
        [
            1
        ],
        [
            1
        ],
        [
            1
        ],
        [
            1
        ],
        [
            1
        ],
        [
            1
        ],
        [
            1
        ],
        [
            1
        ],
        [
            1
        ],
        [
            1
        ]
    ]
}