{"E_gen": 0.24854961782693863, "E_i_test": [0.25448423624038696, 0.2426149994134903], "optimal": [[512], [512]]}