{
    "E_gen": 0.13429722503355151,
    "E_i_test": [
        0.19557386297301765,
        0.15498471445973336,
        0.07858378250188632,
        0.1179966542191417,
        0.08631755523331724,
        0.21801813611231416,
        0.08829801700735894,
        0.07015402522683416,
        0.1440336666608565,
        0.19589887312226287
    ],
    "optimal": [
        1.0,
        1.0,
        1.0,
        1.0,
        1.0,
        0.0001,
        0.0001,
        100.0,
        0.0001,
        0.0001
    ]
}