{"E_gen": 0.23688120349329345, "E_i_test": [0.746679961681366, 0.681895911693573], "optimal": [[2], [2]]}