{
    "E_gen": 0.903434726998818,
    "E_i_test": [
        1.7640398740768433,
        0.3479478061199188,
        1.6657946109771729,
        0.2168201357126236,
        0.6600439548492432,
        1.4033808708190918,
        0.5938526391983032,
        0.5620314478874207,
        0.7429222464561462,
        1.1238436698913574
    ],
    "optimal": [
        [
            2
        ],
        [
            2
        ],
        [
            2
        ],
        [
            2
        ],
        [
            2
        ],
        [
            2
        ],
        [
            2
        ],
        [
            2
        ],
        [
            2
        ],
        [
            2
        ]
    ]
}