{
    "E_gen": 1463322594.2520497,
    "E_i_test": [
        94620.5076228272,
        1494953.6030638663,
        91391.02005758545,
        1064264.669961411,
        28979087.203501377,
        111317.86169412338,
        131600.63550430475,
        495290.35278079554,
        208199.34686159025,
        14675597401.640068
    ],
    "optimal": [
        1e-13,
        1e-13,
        1e-13,
        1e-13,
        1e-13,
        1e-13,
        1e-13,
        1e-13,
        1e-13,
        1e-13
    ]
}