{"E_gen": 0.27468961477279663, "E_i_test": [0.2979787588119507, 0.2514004707336426], "optimal": [[512], [512]]}