{
    "E_gen": 0.16042983398610458,
    "E_i_test": [
        0.2811326974533725,
        0.20873794173311588,
        0.12618465780348953,
        0.15942903512780984,
        0.11074810742209827,
        0.2180345842430765,
        0.08830309416182783,
        0.08000277181371429,
        0.14404744250155455,
        0.1959051785746331
    ],
    "optimal": [
        0.1,
        0.1,
        0.1,
        0.1,
        0.1,
        1e-05,
        1e-05,
        10.0,
        1e-05,
        1e-05
    ]
}