{"E_gen": 0.26561394333839417, "E_i_test": [0.2743765711784363, 0.25685131549835205], "optimal": [[512], [512]]}