{
    "E_gen": 0.18085876831206657,
    "E_i_test": [
        0.30414249353031764,
        0.22291122884522133,
        0.1419144215210701,
        0.17120465251161962,
        0.11880061468074785,
        0.2180306300245551,
        0.08830187637491317,
        0.21260877426077038,
        0.14404413386879147,
        0.19590366613404697
    ],
    "optimal": [
        0.0031622776601683794,
        0.0031622776601683794,
        0.0031622776601683794,
        0.0031622776601683794,
        0.0031622776601683794,
        3.1622776601683795e-05,
        3.1622776601683795e-05,
        0.03162277660168379,
        3.1622776601683795e-05,
        3.1622776601683795e-05
    ]
}