{"E_gen": 0.5821159266847737, "E_i_test": [1.4839907884597778, 0.25106081366539, 0.6353991627693176, 0.21970362961292267, 0.4061517119407654, 0.809503436088562, 0.42328551411628723, 0.2220972329378128, 0.5692282319068909, 0.8305908441543579], "optimal": [[16], [16], [16], [16], [16], [8], [16], [16], [16], [16]]}