{
    "E_gen": 0.07713239925189064,
    "E_i_test": [
        0.09814602070711444,
        0.09674628722831426,
        0.0951360559351589,
        0.07225602746108457,
        0.07238664257719829,
        0.06706852379899637,
        0.057684397169240766,
        0.06888229038524796,
        0.08149506358828477,
        0.06547819132220922
    ],
    "optimal": [
        50.86534779371106,
        41.179294238496475,
        62.82972192749406,
        62.82972192749406,
        62.82972192749406,
        62.82972192749406,
        62.82972192749406,
        62.82972192749406,
        77.60831545860961,
        62.82972192749406
    ]
}