{
    "E_gen": 7.0726283132296155,
    "E_i_test": [
        11.876289501361587,
        8.701307094452353,
        5.553220358789265,
        6.67041095544156,
        4.647235272929842,
        8.501131596727816,
        3.436934991582049,
        8.466708439362247,
        5.61243023713882,
        7.62331357236854
    ],
    "optimal": [
        1e-10,
        1e-10,
        1e-10,
        1e-10,
        1e-10,
        1e-10,
        1e-10,
        1e-10,
        1e-10,
        1e-10
    ]
}