{
    "E_gen": 0.07774293101764966,
    "E_i_test": [
        0.1039074296994925,
        0.09252145610624028,
        0.09585369373508212,
        0.0734403055440123,
        0.07292204803387385,
        0.0682480096304804,
        0.05920508225314252,
        0.07015402522683416,
        0.08309929269645945,
        0.062064784226143054
    ],
    "optimal": [
        100.0,
        100.0,
        100.0,
        100.0,
        100.0,
        100.0,
        100.0,
        100.0,
        100.0,
        100.0
    ]
}