{"E_gen": 0.486175140556024, "E_i_test": [1.400477647781372, 0.1753453016281128, 0.5700540542602539, 0.08326028287410736, 0.4045582711696625, 0.6411892175674438, 0.345136433839798, 0.16686098277568817, 0.40031519532203674, 0.6994860768318176], "optimal": [[128], [128], [128], [128], [128], [128], [128], [128], [128], [128]]}