{
    "E_gen": 110.97242890250101,
    "E_i_test": [
        1.8956656199563118,
        220.0491921850457
    ],
    "optimal": [
        1e-12,
        1e-13
    ]
}