{
    "E_gen": 20344.631074851204,
    "E_i_test": [
        40958.2049707841,
        110.24776809967219,
        101.59722643784153,
        3.9360722456122814,
        1617.0188563496772,
        87.47137255833684,
        79.42673277124034,
        17456.95104223261,
        33.49570089755951,
        144041.27542023035
    ],
    "optimal": [
        1e-13,
        1e-13,
        1e-13,
        1e-13,
        1e-13,
        1e-13,
        1e-13,
        1e-13,
        1e-13,
        1e-13
    ]
}