{
    "E_gen": 7.086785044078737,
    "E_i_test": [
        11.895655674918602,
        8.71431738406219,
        5.558590770702491,
        6.694590422448563,
        4.645696815491834,
        8.503419185755162,
        3.4438378595814956,
        8.516946443175337,
        5.617912518834387,
        7.640308239872633
    ],
    "optimal": [
        1e-07,
        1e-07,
        1e-07,
        1e-07,
        1e-07,
        1e-07,
        1e-07,
        1e-07,
        1e-07,
        1e-07
    ]
}