{
    "E_gen": 0.839047651167731,
    "E_i_test": [
        1.726385474205017,
        0.36896225810050964,
        1.5976704359054565,
        0.21658985316753387,
        0.5576249361038208,
        1.2017743587493896,
        0.379049688577652,
        0.4968300759792328,
        0.7481590509414673,
        1.1404584646224976
    ],
    "optimal": [
        [
            2
        ],
        [
            2
        ],
        [
            2
        ],
        [
            2
        ],
        [
            2
        ],
        [
            2
        ],
        [
            2
        ],
        [
            2
        ],
        [
            2
        ],
        [
            2
        ]
    ]
}