{"E_gen": 0.2662866488099098, "E_i_test": [0.28318923711776733, 0.2493840605020523], "optimal": [[128], [256]]}