{
    "E_gen": 0.1528765315329533,
    "E_i_test": [
        0.10612705498813615,
        0.19717725376714937,
        0.19676539370448737,
        0.17885479387731235,
        0.22877877220725348,
        0.07448073867300185,
        0.1485428663153214,
        0.057499555929780795,
        0.20543869521006194
    ],
    "optimal": [
        100.0,
        0.1,
        0.1,
        0.1,
        0.1,
        100.0,
        1e-05,
        10.0,
        1e-05
    ]
}