{"E_gen": 0.6740069389343262, "E_i_test": [0.7633040547370911, 0.5847098231315613], "optimal": [[1], [1]]}