{"E_gen": 0.43998588621616364, "E_i_test": [0.9437494277954102, 0.8161941170692444], "optimal": [[1], [1]]}