{
    "E_gen": 462021.38712946133,
    "E_i_test": [
        50156.81349185957,
        873885.9607670631
    ],
    "optimal": [
        1e-12,
        1e-13
    ]
}