{
    "E_gen": 1.0593080259724583,
    "E_i_test": [
        2.2399854647355673,
        0.5116455597469562,
        2.1152670920949888,
        0.5523320025529219,
        0.6550445477642243,
        1.4706724882594364,
        0.46905991411319164,
        1.242296241238318,
        0.5118555268592074,
        0.8792449108711807
    ],
    "optimal": []
}