{"E_gen": 0.3535967990756035, "E_i_test": [0.9244253039360046, 0.4899618923664093], "optimal": [[1], [1]]}