{
    "E_gen": 0.15085942448175527,
    "E_i_test": [
        0.25158303853563285,
        0.1901721507019558,
        0.10734577982840114,
        0.14466626085243023,
        0.10138898845058836,
        0.2180222603600024,
        0.08829929127768582,
        0.07491527789957,
        0.14403712139146546,
        0.19590045626247501
    ],
    "optimal": [
        0.2782559402207126,
        0.2782559402207126,
        0.2782559402207126,
        0.2782559402207126,
        0.2782559402207126,
        7.742636826811278e-05,
        7.742636826811278e-05,
        16.681005372000556,
        7.742636826811278e-05,
        7.742636826811278e-05
    ]
}