{
    "E_gen": 0.16756321012673978,
    "E_i_test": [
        0.1794968859344875,
        0.1661824569732456,
        0.2324488065244561,
        0.08320964745405837,
        0.2173166100278385,
        0.11309790431407747,
        0.14664627903352093,
        0.13426791228058438,
        0.211079225684041,
        0.20047935817579263
    ],
    "optimal": [
        0.01,
        0.01,
        0.01,
        0.01,
        0.0001,
        0.1,
        0.1,
        0.1,
        0.1,
        0.1
    ]
}