{
    "E_gen": 0.07456011299379037,
    "E_i_test": [
        0.10612705498813615,
        0.08590543452792151,
        0.0811590844293157,
        0.06361296916941965,
        0.06413795791517828,
        0.07448073867300185,
        0.062146863767771156,
        0.08107540811539503,
        0.061065285938647365
    ],
    "optimal": [
        100.0,
        100.0,
        100.0,
        100.0,
        100.0,
        100.0,
        100.0,
        100.0,
        100.0
    ]
}