{
    "E_gen": 1.0593080259724583,
    "E_i_test": [
        2.2399854647355673,
        0.5116455597469562,
        2.1152670920949888,
        0.5523320025529219,
        0.6550445477642243,
        1.4706724882594364,
        0.46905991411319164,
        1.242296241238318,
        0.5118555268592074,
        0.8792449108711807
    ],
    "optimal": [
        1e-06,
        1e-06,
        1e-06,
        1e-06,
        1e-06,
        1e-06,
        1e-06,
        1e-06,
        1e-06,
        1e-06
    ],
    "all_losses": [
        0.5014467422672585,
        1.9426428798045996,
        1.0211606272532092,
        0.4967383554852077,
        1.8374637765614166,
        0.3895368049739806,
        0.49980589850663953,
        1.2696105050495494,
        0.4373119922034575,
        0.7625553384727445,
        2.4136795186244426,
        1.8587209776563174,
        0.8587959021197057,
        0.6153192789600904,
        1.711511244531613,
        0.3789597674562332,
        0.6375859783452916,
        1.1897600224700513,
        0.5783420859720266,
        0.9779144545273797,
        2.6102923011551806,
        0.46039687095388504,
        0.5012139617459498,
        0.5407541403234127,
        1.7804464827773536,
        0.38018882246702534,
        0.5517541352475035,
        1.2316410424800224,
        0.49060302644508513,
        0.8465566488892429,
        2.4756262134362097,
        0.46418844041393387,
        1.5909473055265098,
        1.1381430059961404,
        1.732226756146838,
        0.377810776114952,
        0.6083222244647365,
        1.2017388573692183,
        0.5484624305997386,
        0.9339489039275043,
        2.3401871739721476,
        0.4752592774015549,
        1.5978429905945233,
        1.1798366834077036,
        1.5997374161182523,
        0.3823531937373686,
        0.6752388813709871,
        1.1771564273584936,
        0.6167455008614976,
        1.0334823537087499,
        2.6493893980302126,
        0.46049894367827854,
        1.592314750486777,
        1.3644336196973665,
        0.49803277376051897,
        0.5683259651694985,
        0.5369923015296761,
        1.2412325779035955,
        0.47547750856419463,
        0.8231135395012649,
        2.3683716085482294,
        0.4722983355456339,
        1.5957696112794104,
        1.1960417132663297,
        0.5809882578832315,
        1.574419292207681,
        0.6203501553532188,
        1.181774731684385,
        0.6016222626130445,
        1.0117158443215188,
        2.4910048491876156,
        0.46341199473150335,
        1.5906312378124006,
        1.2680887521963922,
        0.540141977327288,
        1.5974474612281258,
        0.5118223108493127,
        0.4335037614741794,
        0.541377411666548,
        0.9234180256556627,
        2.346482943048897,
        0.4745663278642936,
        1.5973492014322725,
        1.183444390938097,
        0.5891264432156936,
        1.5708254357812148,
        0.5001763933944968,
        0.5971743022151204,
        1.2507751067242718,
        1.0285696182864144,
        2.279513563715957,
        0.482902923741742,
        1.6035397721094249,
        1.1454398487024862,
        0.6157627812556665,
        1.5608883019228095,
        0.4974837203637571,
        0.6288050261757824,
        1.2498339382745407,
        0.6232113326985379
    ]
}