{
    "E_gen": 0.07713239925189064,
    "E_i_test": [
        0.09814602070711444,
        0.09674628722831426,
        0.0951360559351589,
        0.07225602746108457,
        0.07238664257719829,
        0.06706852379899637,
        0.057684397169240766,
        0.06888229038524796,
        0.08149506358828477,
        0.06547819132220922
    ],
    "optimal": [
        50.86534779371106,
        41.179294238496475,
        62.82972192749406,
        62.82972192749406,
        62.82972192749406,
        62.82972192749406,
        62.82972192749406,
        62.82972192749406,
        77.60831545860961,
        62.82972192749406
    ],
    "all_losses": [
        0.10405136206142282,
        0.09287059255847813,
        0.13712436464516206,
        0.07638559814923007,
        0.05470253549330607,
        0.07019469402186908,
        0.03873144045986215,
        0.10936921228974297,
        0.06713524465198842,
        0.06542425398149741,
        0.10036951928922502,
        0.10046221630365541,
        0.07474542805945393,
        0.08469493046172909,
        0.05890404817829361,
        0.07860592419302896,
        0.037487229223424165,
        0.093459134724895,
        0.06069231367859499,
        0.056868635468424134,
        0.11913230564210008,
        0.11701190853815459,
        0.06188327392234271,
        0.07369218580058355,
        0.08521359213173386,
        0.07652494969799324,
        0.03573106661271993,
        0.11504362684427503,
        0.06008292255950773,
        0.05898881945598808,
        0.13888620699992651,
        0.1349098095990258,
        0.08060482535877937,
        0.07468215521220682,
        0.053262928102202095,
        0.09666672547660465,
        0.035114891064096265,
        0.10813877087049092,
        0.05393790449006884,
        0.05865507493060387,
        0.10789966014371362,
        0.11862991067144016,
        0.11358044352564486,
        0.06144175160934443,
        0.06861258070906258,
        0.08099950659933249,
        0.03324218496997142,
        0.09171669137359756,
        0.05275541906226057,
        0.05310660945172219,
        0.09208093332730594,
        0.11107130445568811,
        0.10910837911513165,
        0.07485781533792511,
        0.08216258792518111,
        0.07698916093816204,
        0.035456656226068035,
        0.1420807674436923,
        0.06992062506599757,
        0.06466215847213608,
        0.10277387336698045,
        0.11558008666854533,
        0.08461879357767385,
        0.06878046501685993,
        0.07581301892139161,
        0.0687214474211275,
        0.05028490399304063,
        0.11326464313784956,
        0.06354000220624169,
        0.06558083206465283,
        0.1131743376790421,
        0.1157495864216851,
        0.09251018332172724,
        0.08203898711990602,
        0.07183587685287847,
        0.06492702108453094,
        0.08005383080365593,
        0.07484838884235774,
        0.05844353264030234,
        0.06576090551454288,
        0.10187609982860805,
        0.1133213163407866,
        0.09523419583668638,
        0.07881561872046479,
        0.06828816423582516,
        0.05677493648251932,
        0.09820308470756742,
        0.04951018811274361,
        0.07772143190402105,
        0.049306302042092805,
        0.10620527343656519,
        0.11409819132959265,
        0.09406378969731433,
        0.05946135823932618,
        0.06946276447218945,
        0.07003215456910081,
        0.07126430412481877,
        0.05712621186754354,
        0.08631357244722568,
        0.055535702305866554
    ]
}