{
    "E_gen": 0.4759763335733085,
    "E_i_test": [
        1.3389347791671753,
        0.2055002599954605,
        0.5435857772827148,
        0.10189060121774673,
        0.4359951615333557,
        0.6070876717567444,
        0.3151121735572815,
        0.15760692954063416,
        0.3740096092224121,
        0.7044494152069092
    ],
    "optimal": [
        512,
        1024,
        1024,
        1024,
        512,
        1024,
        1024,
        1024,
        1024,
        512
    ],
    "all_losses": [
        0.1814892292022705,
        0.38234207034111023,
        0.5114697217941284,
        0.23959290981292725,
        0.47896936535835266,
        0.18819229304790497,
        0.23266680538654327,
        0.26187416911125183,
        0.33894577622413635,
        0.5874677896499634,
        1.4307901859283447,
        0.268766850233078,
        0.3453427255153656,
        0.335183322429657,
        0.38219204545021057,
        0.15178769826889038,
        0.45870891213417053,
        0.18638117611408234,
        0.4499830901622772,
        0.756869375705719,
        1.693152904510498,
        0.18779021501541138,
        0.12244926393032074,
        0.32284092903137207,
        0.4142571687698364,
        0.10812219232320786,
        0.3838208317756653,
        0.23422546684741974,
        0.37065619230270386,
        0.6198127269744873,
        1.5258723497390747,
        0.1968354731798172,
        0.1824769675731659,
        0.15236331522464752,
        0.3245454728603363,
        0.19968491792678833,
        0.3853208124637604,
        0.15789107978343964,
        0.37306782603263855,
        0.7211821675300598,
        1.4506441354751587,
        0.22009262442588806,
        0.2460225224494934,
        0.5078057050704956,
        0.38684970140457153,
        0.19601565599441528,
        0.4932255446910858,
        0.17280173301696777,
        0.45356759428977966,
        0.8057836890220642,
        1.7092229127883911,
        0.1296519637107849,
        0.34592053294181824,
        0.6788747310638428,
        0.20918598771095276,
        0.2750878930091858,
        0.3061772584915161,
        0.28414732217788696,
        0.3774152398109436,
        0.5796211957931519,
        1.386608362197876,
        0.1590355485677719,
        0.1659904569387436,
        0.49194565415382385,
        0.2801509201526642,
        0.1881677806377411,
        0.09868255257606506,
        0.19654066860675812,
        0.4698423147201538,
        0.7893304824829102,
        1.4865326881408691,
        0.12961256504058838,
        0.1998637169599533,
        0.5649934411048889,
        0.2846963107585907,
        0.24380362033843994,
        0.17194929718971252,
        0.3230383098125458,
        0.36645185947418213,
        0.7344096302986145,
        1.3650126457214355,
        0.12227849662303925,
        0.24399349093437195,
        0.513258695602417,
        0.27285057306289673,
        0.17856235802173615,
        0.1899634152650833,
        0.3545384407043457,
        0.09240781515836716,
        0.8081623911857605,
        1.3323270082473755,
        0.13853515684604645,
        0.15132102370262146,
        0.45787593722343445,
        0.2968604266643524,
        0.23870912194252014,
        0.1384170800447464,
        0.38377293944358826,
        0.13550394773483276,
        0.44892072677612305
    ]
}